{"json_validity_rate":0.1,"rougeL_mean":0.42266191759005534,"bertscore_f1_mean":0.8715653419494629,"_runtime":1296,"_wandb":{"runtime":1296},"_timestamp":1.774325982626165e+09,"_step":0}